first_name,last_name,city,age
James,Smith,New York,24
Maria,Garcia,Los Angeles,31
Robert,Johnson,Chicago,45
Linda,Williams,Houston,29
Michael,Brown,Phoenix,38
Elizabeth,Jones,Philadelphia,52
David,Garcia,San Antonio,22
Barbara,Miller,San Diego,41
Richard,Davis,Dallas,33
Susan,Rodriguez,San Jose,27
Joseph,Martinez,Austin,36
Jessica,Hernandez,Jacksonville,30
Thomas,Lopez,Fort Worth,48
Sarah,Gonzalez,Columbus,25
Charles,Wilson,Charlotte,39
Karen,Anderson,San Francisco,34
Christopher,Thomas,Indianapolis,21
Nancy,Taylor,Seattle,44
Matthew,Moore,Denver,32
Lisa,Jackson,Washington,28
Anthony,Martin,Boston,55
Betty,Lee,El Paso,23
Mark,Perez,Nashville,40
Margaret,Thompson,Detroit,61
Donald,White,Oklahoma City,37
Sandra,Harris,Portland,26
Steven,Sanchez,Las Vegas,29
Ashley,Clark,Memphis,31
Paul,Ramirez,Louisville,43
Dorothy,Lewis,Baltimore,50
Andrew,Robinson,Milwaukee,24
Kimberly,Walker,Albuquerque,35
Joshua,Young,Tucson,27
Emily,Allen,Fresno,22
Kenneth,King,Sacramento,46
Donna,Wright,Kansas City,33
Kevin,Scott,Mesa,38
Michelle,Torres,Atlanta,29
Brian,Nguyen,Omaha,31
Carol,Hill,Colorado Springs,54
George,Flores,Raleigh,26
Amanda,Green,Long Beach,30
Edward,Adams,Virginia Beach,42
Melissa,Nelson,Miami,27
Ronald,Baker,Oakland,49
Deborah,Hall,Minneapolis,32
Timothy,Rivera,Tulsa,36
Stephanie,Campbell,Arlington,25
Jason,Mitchell,New Orleans,34
Rebecca,Carter,Wichita,41
Jeffrey,Roberts,Cleveland,30
Sharon,Gomez,Tampa,47
Ryan,Phillips,Bakersfield,28
Cynthia,Evans,Aurora,33
Jacob,Alvarado,Anaheim,24
Kathleen,Stewart,Honolulu,51
Gary,Murphy,Santa Ana,39
Amy,Rivers,Riverside,26
Nicholas,Cook,Corpus Christi,32
Shirley,Rogers,Lexington,43
Eric,Morgan,Henderson,35
Angela,Peterson,Stockton,29
Stephen,Cooper,Saint Paul,31
Anna,Reed,Cincinnati,28
Jonathan,Bailey,Irvine,24
Brenda,Bell,Greensboro,40
Larry,Gomez,Lincoln,44
Pamela,Kelly,Newark,30
Justin,Howard,Durham,27
Nicole,Ward,Chula Vista,32
Scott,Cox,Toledo,38
Katherine,Diaz,Fort Wayne,25
Brandon,Richardson,St. Petersburg,33
Christine,Wood,Laredo,29
Gregory,Watson,Jersey City,41
Debra,Brooks,Chandler,52
Samuel,Bennett,Madison,23
Rachel,Gray,Lubbock,26
Benjamin,James,Scottsdale,45
Janet,Reyes,Reno,34
Patrick,Cruz,Buffalo,31
Carolyn,Hughes,Gilbert,28
Jack,Price,Glendale,39
Catherine,Myers,North Las Vegas,36
Dennis,Long,Winston-Salem,42
Heather,Foster,Chesapeake,27
Jerry,Sanders,Norfolk,50
Teresa,Ross,Fremont,31
Tyler,Morales,Garland,24
Doris,Powell,Irving,48
Aaron,Sullivan,Hialeah,26
Sara,Russell,Boise,33
Jose,Ortiz,Richmond,37
Janice,Jenkins,Spokane,29
Adam,Gutierrez,Baton Rouge,31
Julia,Perry,Tacoma,34
Nathan,Butler,San Bernardino,22
Grace,Barnes,Modesto,53
Douglas,Fisher,Huntsville,35
Victoria,Henderson,Des Moines,30